input,output
Adelphi University,Adelphi University
Adelphi,Adelphi University
Adrian College,Adrian College
Akron,Akron University
Albany,University of Albany 
UAlbany,University of Albany 
University at Albany,University of Albany 
Albertus Magnus College,Albertus Magnus College
Albion College,Albion College
Albright College,Albright College
Alfred University,Alfred University
Allegheny College,Allegheny College
Alma College,Alma College
Alvernia University,Alvernia University
American International College,American International College
AIC,American International College
American University,American University
American,American University
Amherst College,Amherst College
Anderson University (Indiana),Anderson University (Indiana)
Anderson University Indiana,Anderson University (Indiana)
Anderson University (South Carolina),Anderson University (South Carolina)
Anderson University South Carolina,Anderson University (South Carolina)
Alderson Broaddus University,Alderson Broaddus University
Anna Maria College,Anna Maria College
Arcadia University,Arcadia University
Arizona State,Arizona State University 
Arizona State Universit,Arizona State University 
Army,Army
Army Westpoint,Army
Ashland University,Ashland University
Assumption University,Assumption University
Assumption College,Assumption University
Augsburg University,Augsburg University
Augustana College (Illinois),Augustana College
Augustana College,Augustana College
Aurora University,Aurora University
Averett University,Averett University
Babson College,Babson College
Baldwin Wallace University,Baldwin Wallace University
Bard College,Bard College
Barton College,Barton College
Bates College,Bates College
Belmont Abbey College,Belmont Abbey College
Beloit College,Beloit College
Bentley University,Bentley University
Bentley,Bentley University
Berry College,Berry College
Bethany College (West Virginia),Bethany College (West Virginia)
Binghamton,SUNY Binghamton
Birmingham-Southern College,Birmingham-Southern College
Birmingham-Southern,Birmingham-Southern College
Bloomsburg University of Pennsylvania,Bloomsburg University of Pennsylvania
Boston College,Boston College
BC,Boston College
Boston U,Boston University 
Boston University,Boston University 
Bowdoin College,Bowdoin College
Bowdoin,Bowdoin College
Brevard College,Brevard College
Bridgewater College (Virginia),Bridgewater College (Virginia)
Bridgewater College,Bridgewater College (Virginia)
Bridgewater State University,Bridgewater State University
Bridgewater State,Bridgewater State University
Brown,Brown University
Brown University,Brown University
Bryant,Bryant University
Bryant University,Bryant University
Bryn Athyn College,Bryn Athyn College
Bryn Mawr College,Bryn Mawr College
Bucknell,Bucknell
Buffalo State SUNY,Buffalo State SUNY
Buffalo State,Buffalo State SUNY
Butler,Butler University
Butler University,Butler University
Cabrini University,Cabrini University
Cabrini,Cabrini University
Cairn University,Cairn University
Cal Berkeley,University of California Berkeley
Cal,University of California Berkeley
University of California Berkeley,University of California Berkeley
Caldwell University,Caldwell University
California Lutheran University,California Lutheran University
California Lutheran,California Lutheran University
Calvin University,Calvin University
Campbell,Campbell University
Canisius,Canisius College
Canisius College,Canisius College
Capital University
Carroll University (Wisconsin)
Carthage College
Catawba College
Catholic University,Catholic University
The Catholic University,Catholic University
Catholic University of America,Catholic University
The Catholic University of America,Catholic University
Cedar Crest College
Centenary University (New Jersey)
Central Connecticut,Central Connecticut State University
CCSU,Central Connecticut State University
Central Connecticut State University,Central Connecticut State University
Central Michigan,University of Central Michigan
Centre College
Chapman University
Chatham University
Chestnut Hill College
Chowan University
Christopher Newport University
Cincinnati,University of Cincinnati
University of Cincinnati,University of Cincinnati
Claremont McKenna-Harvey Mudd-Scripps Colleges
Claremont Mudd Scripps Colleges,Claremont McKenna-Harvey Mudd-Scripps Colleges
Claremont-Mudd-Scripps Colleges,Claremont McKenna-Harvey Mudd-Scripps Colleges
Clark University (Massachusetts)
Clarkson University
Clemson University,Clemson University
Clemson,Clemson University
Coastal Carolina
Coker University,Coker University
Coker,Coker University
Colby College
Colby-Sawyer College
Colgate,Colgate University
Colgate University,Colgate University
College of Saint Benedict
Colorado,University of Colorado
University of Colorado,University of Colorado
Colorado College
Colorado Mesa University
Colorado State University Pueblo
Columbia,University of Columbia
University of Columbia,University of Columbia
Concordia University Chicago
Concordia University Wisconsin
Concordia University St. Paul,Concordia University St. Paul
"Concordia University, St. Paul",Concordia University St. Paul
Connecticut College
Converse University
Cornell,Cornell University
Cornell University,Cornell University
Cornell Univeristy,Cornell University
Cornell College
Curry College
D'Youville University
Daemen University
Dartmouth,Dartmouth College
Dartmouth College,Dartmouth College
Davenport University
Davidson,Davidson College
Davidson College,Davidson College
Davis & Elkins College,Davis & Elkins College
Davis & Elkins,Davis & Elkins College
Dean College
University of Delaware,University of Delaware
Delaware,University of Delaware
Delaware State,Delaware State University 
Delaware Valley University
Denison University
Denver,University of Denver
University of Denver,University of Denver
DePauw University
DeSales University
Detroit Mercy
Dickinson College
Dominican University New York
Dominican University of California
Dowling College,Dowling College
Drew University
Drexel,Drexel University
Drexel University,Drexel University
Duke,Duke University
Duke University,Duke University
Duquesne,Duquesne University
Duquesne University,Duquesne University
Earlham College
East Carolina,East Carolina University
ECU,East Carolina University
East Carloina,East Carolina University
East Stroudsburg University,East Stroudsburg University of Pennsylvania
East Stroudsburg University of Pennsylvania,East Stroudsburg University of Pennsylvania
Eastern Connecticut State University
Eastern Mennonite University
Eastern Michigan
Eastern University
Edgewood College
Elizabethtown College
Elmhurst University
Elms College
Elon
Embry-Riddle Aeronautical University,Embry-Riddle Aeronautical University (Florida)
Embry-Riddle Aeronautical University (Florida),Embry-Riddle Aeronautical University (Florida)
Embry-Riddle,Embry-Riddle Aeronautical University (Florida)
Emerson College
Emmanuel College (Massachusetts)
Emmanuel University (Georgia)
Emory & Henry College
Endicott College,Endicott College
Endicott,Endicott College
Fairfield,Fairfield University
Fairfield University,Fairfield University
Fairleigh Dickinson,Fairleigh Dickinson University
Fairleigh Dickinson University,Fairleigh Dickinson University
"Fairleigh Dickinson University, Florham","Fairleigh Dickinson University, Florham"
FDU-Florham,"Fairleigh Dickinson University, Florham"
Fairleigh Dickinson University Florham,"Fairleigh Dickinson University, Florham"
Fairleigh Dickinson University,Fairleigh Dickinson University
Farmingdale State College
Felician University
Ferrum College
Fitchburg State University
Flagler College
Florida, University of Florida
University of Florida,University of Florida
Florida Institute of Technology
Florida Southern College
Florida Atlantic University,Florida Atlantic University
Fort Lewis College, Fort Lewis College
Framingham State University
Franciscan University of Steubenville
Franklin & Marshall College,Franklin & Marshall College
Franklin & Marshall,Franklin & Marshall College
Franklin and Marshall College,Franklin & Marshall College
Fresno State University,Fresno State University
Fresno State,Fresno State University
Franklin College
Franklin Pierce University
Frostburg State University
Furman,Furman University
Gannon University
Gardner-Webb
George Fox University
George Mason,George Mason University
George Mason University,George Mason University
George Washington,George Washington University
George Washington University,George Washington University
Georgetown,Georgetown University
Georgetown University,Georgetown University
Georgian Court University
Gettysburg College
Gordon College
Goucher College
Grand Valley State University
Greensboro College
Grove City College
Guilford College
Gwynedd Mercy University
Hamilton College
Hamline University
Hanover College
Hartwick College
Harvard,Harvard University
Harvard University,Harvard University
Haverford College
Hendrix College
High Point,High Point University
High Point University,High Point University
HPU,High Point University
High Point Univeristy,High Point University
Hilbert College
Hobart and William Smith Colleges,Hobart and William Smith Colleges
William Smith College,Hobart and William Smith Colleges
Hofstra,Hofstra University
Hofstra University,Hofstra University
Holy Cross,College of the Holy Cross
College of the Holy Cross,College of the Holy Cross
Holy Family University
Hood College
Hope College
Howard University,Howard University
Howard,Howard University
Huntingdon College
Husson University
Hunter College,Hunter College
Illinois Institute of Technology
Illinois Wesleyan University
Immaculata University
Indiana University of PA,Indiana University of Pennsylvania
Indiana University of Pennsylvania,Indiana University of Pennsylvania
Iona,Iona College
Iona College,Iona College
Ithaca College,Ithaca College
Ithaca,Ithaca College
Jacksonville University,Jacksonville University
Jacksonville,Jacksonville University
James Madison,James Madison University
James Madison University,James Madison University
John Carroll University
Johns Hopkins,Johns Hopkins University
Johns Hopkins University,Johns Hopkins University
Johnson & Wales University,Johnson & Wales University
Juniata College
Kalamazoo College
Kean University
Keene State College
Kennesaw State,Kennesaw State University
Kent State
Kenyon College
Keuka College
Keystone College
King's College (Pennsylvania)
Kutztown University,Kutztown University of Pennsylvania
Kutztown University of Pennsylvania,Kutztown University of Pennsylvania
La Roche University
La Salle
Lafayette
Lake Erie College
Lake Forest College
Lancaster Bible College
Lander University
Lasell University
Le Moyne,Le Moyne College
Le Moyne College,Le Moyne College
LeMoyne College,Le Moyne College
Lebanon Valley College
Lee University
Lees-McRae College
Lehigh,Lehigh University
Lehigh University,Lehigh University
Lenoir-Rhyne University,Lenoir-Rhyne University
Lenoir-Rhyne,Lenoir-Rhyne University
Lewis & Clark College
Lewis University
Liberty,Liberty University
Liberty University,Liberty University
Limestone University,Limestone University
Limestone College,Limestone University
Limestone,Limestone University
Lincoln Memorial University
Lindenwood,Lindenwood University
Lindenwood University,Lindenwood University
Linfield University
LIU,Long Island University
Long Island University Post,Long Island University
LIU Post,Long Island University
Lock Haven University of Pennsylvania,Lock Haven University of Pennsylvania
Lock Haven University,Lock Haven University of Pennsylvania
Longwood,Longwood University
Longwood University,Longwood University
Louisville,University of Louisville
Lousiville,University of Louisville
University of Louisville,University of Louisville
University of Louisville,University of Louisville
Loyola (MD),Loyola University Maryland
Loyola University Maryland,Loyola University Maryland
Loyola,Loyola University Maryland
Loyola University,Loyola University
Lycoming College
Lynn University
Maine Maritime Academy
Malone University
Manhattan,Manhattan College
Manhattan College,Manhattan College
Manhattanville University
Marian University (Wisconsin)
Marietta College
Marist,Marist College
Marist College,Marist College
Marquette,Marquette University
Marquette University,Marquette University
Mars Hill University
Maryland,University of Maryland
"University of Maryland, College Park",University of Maryland
University of Maryland,University of Maryland
Marymount University (Virginia)
Maryville University of Saint Louis,Maryville University of Saint Louis
Maryville University,Maryville University of Saint Louis
Marywood University
Massachusetts Institute of Technology
Massachusetts Maritime Academy
McDaniel College,McDaniel College
McDaniel,McDaniel College
McKendree University
Mercer
Mercy University,Mercy University
Mercy College,Mercy University
Mercyhurst University,Mercyhurst University
Mercyhurst College,Mercyhurst University
Mercyhurst,Mercyhurst University
Meredith College
Merrimack,Merrimack College
Merrimackv,Merrimack College
Merrimack College,Merrimack College
Messiah University,Messiah University
Messiah College,Messiah University
Methodist University
Michigan,University of Michigan
University of Michigan,University of Michigan
Middlebury College
Millersville University of Pennsylvania
Milwaukee School of Engineering
Misericordia University
Missouri Western State University
Mitchell College
Molloy University
Monmouth University,Monmouth University
Monmouth,Monmouth University
Montclair State University
Moravian University
Mount Aloysius College
Mount Holyoke College
Mount Saint Mary College (New York)
Mount St. Joseph University
Mount St. Mary’s
Muhlenberg College
Muskingum University
Navy,United States Naval Academy
US Naval Academy,United States Naval Academy
United States Naval Academy,United States Naval Academy
Nazareth University,Nazareth University
Nazareth College,Nazareth University
Neumann University
New England College
New York Institute of Technology,New York Institute of Technology
New York Inst. of Technology,New York Institute of Technology
New Hampshire,University of New Hampshire
University of New Hampshire,University of New Hampshire
Newberry College
Niagara
Nichols College
North Carolina,University of North Carolina
University of North Carolina,University of North Carolina
North Carolina Wesleyan University
North Central College
North Greenville University
Northern Michigan University
Northwestern,Northwestern University
Northwestern University,Northwestern University
Norwich University
Notre Dame College (Ohio)
Notre Dame,University of Notre Dame
University of Notre Dame,University of Notre Dame
Notre Dame of Maryland University
Oberlin College
Occidental College
Oglethorpe University
Ohio Northern University
Ohio State,Ohio State University
Ohio State University,Ohio State University
Ohio Wesleyan University
Old Dominion
Oregon,University of Oregon
University of Oregon,University of Oregon
Otterbein University
Onondaga CC,Onondaga Community College
Onondaga Community College,Onondaga Community College
Pace University
Pacific University (Oregon)
Palm Beach Atlantic University,Palm Beach Atlantic University
Palm Beach Atlantic,Palm Beach Atlantic University
Penn,University of Pennsylvania
University of Pennsylvania,University of Pennsylvania
University of Pennsylvania,University of Pennsylvania
Penn State,Pennsylvania State University
Pennsylvania State University,Pennsylvania State University
Pennsylvania Western University Edinboro,Pennsylvania Western University Edinboro
"Pennsylvania Western University, Edinboro",Pennsylvania Western University Edinboro
Pfeiffer University
Piedmont University
Pitt,University of Pittsburgh
University of Pittsburgh,University of Pittsburgh 
Plattsburgh State University of New York
Plymouth State University
Pomona-Pitzer Colleges,Pomona-Pitzer Colleges
Pomona College,Pomona-Pitzer Colleges
Post University
Presbyterian College,Presbyterian College
Presbyterian,Presbyterian College
Princeton,Princeton University
Princeton University,Princeton University 
Purchase College
Queens,Queens University of Charlotte
Queens University of Charlotte,Queens University of Charlotte
Quincy University
Quinnipiac,Quinnipiac University
Quinnipiac University,Quinnipiac University
Radford
Ramapo College
Randolph College
Randolph-Macon College
Regis College (Massachusetts)
Regis University (Colorado),Regis University (Colorado)
Regis University,Regis University (Colorado)
Rensselaer Polytechnic Institute
Rhode Island College
Rhodes College
Richmond,University of Richmond
University of Richmond,University of Richmond
Rider
Rivier University
Roanoke College
Robert Morris
Roberts Wesleyan University,Roberts Wesleyan University
Roberts Wesleyan College,Roberts Wesleyan University
Rochester Institute of Technology
Rockhurst University
Roger Williams University
Rollins College
Rowan University
Russell Sage College
Rutgers,Rutgers University
Rutgers University,Rutgers University
Sacred Heart,Sacred Heart University
Sacred Heart University,Sacred Heart University
Saint Anselm College
Saint Francis
Saint Joseph's College (Maine)
Saint Joseph’s,Saint Joseph's College (Maine)
Saint Leo University
Saint Mary's College (Indiana)
Saint Michael's College
Saint Vincent College
Salem State University
Salisbury University
Salve Regina University
San Diego State
Seton Hill University,Seton Hill University
Seton Hill,Seton Hill University
Shenandoah University
Shepherd University
Shippensburg University of Pennsylvania
Shorter University
Siena
Simmons University
Skidmore College
Slippery Rock University of Pennsylvania,Slippery Rock University of Pennsylvania
Slippery Rock University,Slippery Rock University of Pennsylvania
Slippery Rock,Slippery Rock University of Pennsylvania
Smith College
Southern Connecticut State University,Southern Connecticut State University
Southern Connecticut State,Southern Connecticut State University
Southern New Hampshire University
Southern Virginia University
Southern Wesleyan University
Southwestern University (Texas)
Spalding University
Springfield College
St. Bonaventure
St. John Fisher University,St. John Fisher University
St. John Fisher College,St. John Fisher University
"St. Joseph's University New York L.I.",St. Joseph's University New York L.I.
St. Lawrence University
St. Mary's College of Maryland
St. Thomas Aquinas College
Stanford,Stanford University
Stanford University,Stanford University
State University of New York at Brockport
College of Brockport,State University of New York at Brockport
State University of New York at Canton
State University of New York at Cortland,State University of New York at Cortland
SUNY Cortland,State University of New York at Cortland
State University of New York at Geneseo,State University of New York at Geneseo
SUNY Geneseo,State University of New York at Geneseo
State University of New York at Morrisville
State University of New York at New Paltz
State University of New York at Old Westbury
State University of New York at Oneonta
State University of New York at Oswego,State University of New York at Oswego
Oswego State,State University of New York at Oswego
State University of New York at Potsdam
State University of New York Maritime College
State University of New York Polytechnic Institute
Stetson,Stetson University
Stetson University,Stetson University
Stevens Institute of Technology
Stevenson University
Stockton University
Stonehill,Stonehill College
Stonehill College,Stonehill College
Stony Brook,Stony Brook University
Stony Brook University,Stony Brook University
Susquehanna University
Swarthmore College
Sweet Briar College
Syracuse,Syracuse University
Syracuse University,Syracuse University
Temple,Temple University
Temple University,Temple University
The College of New Jersey
The College of Saint Rose
The College of Wooster
State University of New York at Fredonia,State University of New York at Fredonia
SUNY Fredonia,State University of New York at Fredonia
The University of Virginia's College at Wise
Thiel College
Thomas College
Thomas Jefferson University
Thomas More University
Tiffin University
Towson,Towson University
Towson University,Towson University
Transylvania University
Trine University
Trinity College (Connecticut),Trinity College (Connecticut)
Trinity College,Trinity College (Connecticut)
Trinity Washington University
Tufts University,Tufts University
Tufts,Tufts University
Tusculum University
U.S. Coast Guard Academy
U.S. Merchant Marine Academy
UC Davis,University of California Davis
University of California Davis,University of California Davis
University of California Davis,University of California Davis
UConn,University of Connecticut
University of Connecticut,University of Connecticut
University of Connecticut,University of Connecticut
UMass Lowell,University of Massachusetts - Lowell
University of Massachusetts Lowell,University of Massachusetts - Lowell
University of Massachusetts,University of Massachusetts - Amherst
Umass Amherst,University of Massachusetts - Amherst
UMass Amherst,University of Massachusetts - Amherst
UMass,University of Massachusetts - Amherst
Umass,University of Massachusetts - Amherst
UMASS,University of Massachusetts - Amherst
UMBC,University of Maryland Baltimore County
University of Maryland Baltimore County,University of Maryland Baltimore County
University of Maryland - Baltimore County,University of Maryland Baltimore County
"University of Maryland, Baltimore County",University of Maryland Baltimore County
University of Alabama in Huntsville,University of Alabama in Huntsville
Alabama Huntsville,University of Alabama in Huntsville
University of Bridgeport
University of Charleston (West Virginia)
University of Chicago
University of Colorado - Colorado Springs,University of Colorado - Colorado Springs
University of Colorado Colorado Springs,University of Colorado - Colorado Springs
University of Findlay
University of Hartford,University of Hartford
Hartford,University of Hartford
University of Indianapolis,University of Indianapolis
Univeristy of Indianapolis,University of Indianapolis
University of Lynchburg
University of Maine - Farmington,University of Maine - Farmington
University of Maine Farmington,University of Maine - Farmington
"University of Maine, Farmington",University of Maine - Farmington
"University of Maine, Farmington",University of Maine - Farmington
University of Maine at Presque Isle,University of Maine at Presque Isle
University of Mary Washington
University of Massachusetts Boston
University of Massachusetts - Dartmouth
Umass Dartmouth,University of Massachusetts - Dartmouth
University of Montevallo
University of Mount Olive
University of Mount Saint Vincent
University of Mount Union
University of New England
University of New Haven
University of Northwestern-St. Paul
University of Puget Sound
University of Redlands
University of Rochester
University of Saint Joseph (Connecticut)
University of Scranton
University of Southern Maine
University of Tampa,University of Tampa
Utampa,University of Tampa
The University of Tampa,University of Tampa
University of the District of Columbia
University of the South
University of Wisconsin-Eau Claire
University of Wisconsin-La Crosse
University of Wisconsin-River Falls
University of Wisconsin-Stevens Point
University of Wisconsin-Stout
Union College (New York),Union College (New York)
Union College,Union College (New York)
Ursinus College
Ursuline College
USC,University of Southern California 
University of Southern California,University of Southern California
Utica University,Utica University
Utica,Utica University
Vanderbilt
Vassar College
VCU,Virginia Commonwealth University
Vermont,University of Vermont
University of Vermont,University of Vermont
Vermont State University Castleton,Vermont State University - Castleton
"Vermont State University, Castleton",Vermont State University - Castleton
Vermont State University - Castleton,Vermont State University - Castleton
Castleton,Vermont State University - Castleton
Vermont State University Lyndon,Vermont State University - Lyndon
"Vermont State University, Lyndon",Vermont State University - Lyndon
Vermont State University - Lyndon,Vermont State University - Lyndon
Villanova
Virginia,University of Virginia 
UVA,University of Virginia 
University of Virginia,University of Virginia
Virginia State University
Virginia Tech,Virginia Tech
Virginia Polytechnic Institute,Virginia Tech
Virginia Wesleyan University
Wagner
Walsh University
Warren Wilson College
Washington and Jefferson College
Washington and Lee University,Washington & Lee University
Washington & Lee University,Washington & Lee University
Washington College (Maryland),Washington College
Washington College,Washington College
Waynesburg University
Wellesley College
Wells College
Wentworth Institute of Technology
Wesleyan University (Connecticut),Wesleyan University (Connecticut)
Wesleyan University,Wesleyan University (Connecticut)
West Chester University of Pennsylvania,West Chester University of Pennsylvania
West Chester University,West Chester University of Pennsylvania
West Virginia Wesleyan College
Western Connecticut State University,Western Connecticut State University
Western Connecticut State Universityv,Western Connecticut State University
Western New England University
Westfield State University
Westminster College (Pennsylvania)
Westminster University (Utah)
Wheaton College (Massachusetts)
Whitman College
Whittier College
Whitworth University
Widener University
Wilkes University
Willamette University
William & Mary
William Jewell College
William Peace University
Williams College
Wilmington University (Delaware)
Wilson College
Wingate University
Winthrop
Wittenberg University
Wofford
Worcester State University
Xavier
Yale,Yale University
Yale University,Yale University
York College (Pennsylvania),York College
York College of PA,York College
York College,York College
York College of Pennsylvania,York College
Young Harris College
Youngstown State,Youngstown State University
Youngstown State University,Youngstown State University
Youngstown,Youngstown State University














































































































































































































































































































































































































































































